id,first_name,last_name,email,gender,ip_address,alksdjflkasf,askdfjasdf
1,Hillier,Moss,hmoss0@sbwire.com,Male,191.151.147.141,135.250.198.44,62.151.42.214
2,Ninon,Bouldstridge,nbouldstridge1@ed.gov,Genderfluid,160.206.111.218,84.121.128.52,30.217.87.133
3,Karole,Slowcock,kslowcock2@is.gd,Bigender,27.166.111.253,139.177.88.57,98.89.255.203
4,Hebert,Antonetti,hantonetti3@answers.com,Bigender,44.148.130.50,102.215.36.246,202.172.222.6
5,Franky,Addionisio,faddionisio4@storify.com,Female,124.251.9.43,203.50.126.125,104.198.62.48
6,Fairleigh,Creffield,fcreffield5@com.com,Agender,205.207.216.205,101.95.250.113,209.192.129.162
7,Damon,Willingham,dwillingham6@elpais.com,Genderfluid,164.202.217.82,180.149.238.81,129.197.217.25
8,Antonius,Goublier,agoublier7@nationalgeographic.com,Genderfluid,35.235.24.199,145.175.82.81,133.166.161.119
9,Albertine,Mitskevich,amitskevich8@blog.com,Bigender,166.236.214.89,159.212.46.100,199.31.193.55
10,Esta,Dawton,edawton9@nymag.com,Polygender,134.117.126.173,0.44.5.10,137.8.124.205
11,Olive,Fri,ofria@php.net,Female,30.212.177.243,154.196.246.144,138.149.201.106
12,Taite,Ebbles,tebblesb@moonfruit.com,Genderfluid,94.51.10.135,44.60.82.41,88.109.91.207
13,Hercules,Duddin,hduddinc@delicious.com,Bigender,220.177.150.48,130.0.167.31,144.80.28.128
14,Stern,Mouncey,smounceyd@blogs.com,Bigender,222.161.208.169,202.234.212.42,130.7.180.176
15,Essie,Matussow,ematussowe@wordpress.org,Female,149.205.123.150,192.23.11.53,104.234.31.60
16,Celine,Helbeck,chelbeckf@woothemes.com,Genderqueer,87.222.194.60,85.157.204.225,232.105.49.151
17,Paddy,Stampfer,pstampferg@sciencedaily.com,Female,135.45.20.188,143.167.96.20,240.138.80.222
18,Aimil,Kegley,akegleyh@weather.com,Genderqueer,135.167.160.114,239.194.164.91,123.215.225.56
19,Trixi,Burnage,tburnagei@umich.edu,Bigender,215.97.67.26,242.81.186.77,119.236.33.145
20,Worthy,Laundon,wlaundonj@moonfruit.com,Female,22.150.201.197,131.253.250.123,249.45.247.47
21,Leisha,Sarrell,lsarrellk@elpais.com,Genderqueer,53.48.15.176,253.219.115.47,187.132.6.150
22,Saree,Renfield,srenfieldl@lycos.com,Bigender,248.226.114.248,68.168.123.144,165.61.112.191
23,Richmond,Triggle,rtrigglem@miibeian.gov.cn,Polygender,71.209.25.60,250.179.138.107,222.209.71.77
24,Lars,Crumley,lcrumleyn@mediafire.com,Agender,115.97.217.142,170.196.63.144,40.234.6.254
25,Auria,Takis,atakiso@noaa.gov,Genderfluid,222.22.181.2,22.211.180.138,141.223.96.102
26,Kipper,Moralis,kmoralisp@hubpages.com,Genderfluid,28.233.24.93,190.26.136.127,104.63.172.38
27,Frederico,Dwyr,fdwyrq@oakley.com,Genderqueer,59.151.125.238,216.66.84.160,211.239.30.24
28,Thomasin,Moxstead,tmoxsteadr@t.co,Polygender,113.170.58.151,110.200.232.185,187.188.149.149
29,Jacquette,A'Barrow,jabarrows@meetup.com,Polygender,197.46.212.131,103.210.227.128,253.187.218.192
30,Padraic,Ascroft,pascroftt@apple.com,Non-binary,220.10.42.60,180.166.196.162,91.168.255.99
31,Kailey,Yglesias,kyglesiasu@msu.edu,Polygender,227.179.203.163,127.5.4.97,136.193.1.214
32,Sidney,Skym,sskymv@behance.net,Bigender,202.212.189.52,93.242.208.175,79.13.186.240
33,Reed,Minster,rminsterw@t.co,Male,191.222.141.144,248.237.116.139,67.236.114.35
34,Hastings,Hillett,hhillettx@tiny.cc,Agender,32.110.235.123,200.200.239.122,118.244.139.208
35,Meredeth,Stallen,mstalleny@histats.com,Male,63.212.120.250,61.127.133.117,4.92.59.120
36,Noelani,Oslar,noslarz@woothemes.com,Bigender,5.65.112.222,187.83.179.235,77.115.78.212
37,Tuck,Lechelle,tlechelle10@hibu.com,Agender,145.99.222.223,127.151.180.237,62.237.42.63
38,Judon,Kennedy,jkennedy11@purevolume.com,Male,109.131.0.55,168.194.94.180,38.243.48.243
39,Gussy,Dudding,gdudding12@networksolutions.com,Bigender,196.52.38.123,100.127.78.165,92.94.1.213
40,Farrah,Crampin,fcrampin13@bravesites.com,Agender,211.101.68.99,213.65.57.131,107.57.157.3
41,Gradeigh,Denisyev,gdenisyev14@com.com,Male,196.88.101.8,199.7.93.234,139.131.60.214
42,Nessie,Hartwright,nhartwright15@booking.com,Non-binary,245.102.1.103,166.151.8.220,89.175.159.184
43,Virginie,Rapps,vrapps16@goo.ne.jp,Polygender,85.119.84.77,169.30.227.31,179.44.39.252
44,Hally,Megainey,hmegainey17@sina.com.cn,Bigender,123.233.6.74,227.169.40.204,108.201.122.154
45,Barrett,Lackeye,blackeye18@mlb.com,Bigender,91.161.170.137,35.47.29.181,178.97.237.134
46,Laurel,Winny,lwinny19@yahoo.co.jp,Genderqueer,195.77.224.0,222.214.152.24,16.125.147.121
47,Nora,Coggins,ncoggins1a@mail.ru,Polygender,94.166.152.210,173.57.89.10,230.252.171.34
48,Catrina,Bowler,cbowler1b@squarespace.com,Non-binary,155.64.194.171,108.199.214.19,158.235.195.7
49,Germain,Canfield,gcanfield1c@vkontakte.ru,Genderqueer,30.96.60.140,112.159.52.195,89.200.179.95
50,Peyter,Radband,pradband1d@umn.edu,Genderfluid,1.142.7.53,193.18.223.161,68.70.94.176